"split","auc"
"training",0.889788169464428
"testing",0.874557496859655
"validation",0.924964936886395
