"fold","training_auc","testing_auc"
"Fold1",0.902469633812917,0.830882352941176
"Fold2",0.884851041157927,0.897454545454545
"Fold3",0.886152198648016,0.886631016042781
"Fold4",0.892204085273392,0.870357142857143
"Fold5",0.883930960663634,0.902857142857143
