"parameter","Accuracy","Kappa","AccuracySD","KappaSD"
"none",0.805718484184363,0.61012714075686,0.0630407742378714,0.126483506523044
